{
  "roundLength": 300,
  "teams": {
    "red": {
      "name": "fisktag.team.red",
      "color": {
        "ui": "0xFF5555",
        "ammo": "0xFFAA15",
        "game": "0xFF1100"
      }
    },
    "blue": {
      "name": "fisktag.team.blue",
      "color": {
        "ui": "0x5555FF",
        "ammo": "0x65DAF2",
        "game": "0x0011FF"
      }
    }
  },
  "controlPointColor": "0x909090",
  "controlPointCaptureTime": {
    "controller": 200,
    "kingofthehill": 100
  },
  "menuLayout": {
    "classRowSize": 6,
    "weaponRowSize": 4
  },
  "weapons": [
    "fisktag:pistols",
    "fisktag:rifle",
    "fisktag:sniper",
    "fisktag:shotgun",
    "fisktag:scatter_blaster",
    "fisktag:automatic",
    "fisktag:tesla_gun",
    "fisktag:railgun",
    "fisktag:rocket_launcher",
    "fisktag:mortar",
    "fisktag:burst_rifle"
  ],
  "classes": [
    {
      "suit": "fisktag:infantry",
      "name": "class.fisktag.infantry.name",
      "description": "class.fisktag.infantry.desc"
    },
    {
      "suit": "fisktag:scout",
      "name": "class.fisktag.scout.name",
      "description": "class.fisktag.scout.desc",
      "weaponWhitelist": [
        "fisktag:pistols",
        "fisktag:rifle"
      ]
    },
    {
      "suit": "fisktag:assassin",
      "name": "class.fisktag.assassin.name",
      "description": "class.fisktag.assassin.desc",
      "weaponBlacklist": [
        "fisktag:automatic",
        "fisktag:tesla_gun",
        "fisktag:rocket_launcher",
        "fisktag:mortar",
        "fisktag:burst_rifle"
      ]
    },
    {
      "suit": "fisktag:tank",
      "name": "class.fisktag.tank.name",
      "weaponBlacklist": [
        "fisktag:pistols",
        "fisktag:sniper",
        "fisktag:mortar"
      ]
    },
    {
      "suit": "fisktag:demolitionist",
      "name": "class.fisktag.demolitionist.name",
      "description": "class.fisktag.demolitionist.desc",
      "weaponBlacklist": [
        "fisktag:sniper",
        "fisktag:scatter_blaster",
        "fisktag:railgun"
      ]
    },
    {
      "suit": "fisktag:support",
      "name": "class.fisktag.support.name",
      "description": "class.fisktag.support.desc",
      "weaponWhitelist": [
        "fisktag:pistols",
        "fisktag:rifle",
        "fisktag:sniper",
        "fisktag:tesla_gun",
        "fisktag:burst_rifle"
      ]
    }
  ],
  "gamemodes": {
    "deathmatch": 10,
    "elimination": 9,
    "teamswap": 8,
    "johnwick": 7,
    "controller": 10,
    "kingofthehill": 8,
    "points": 7,
    "resurgence": 10,
    "shuffle": 9,
    "luckofthedraw": 8,
    "freeforall": 10,
    "bountyhunt": 9
  },
  "maps": {
    "sandstorm": {
      "repository": "FiskFille/FiskTag",
      "path": "maps/sandstorm.zip",
      "weight": 2
    },
    "trenches": {
      "repository": "FiskFille/FiskTag",
      "path": "maps/trenches.zip",
      "weight": 2
    },
    "tranton_refinery": {
      "repository": "FiskFille/FiskTag",
      "path": "maps/wip/tranton_refinery.zip",
      "weight": 2
    },
    "hijacked": {
      "repository": "cloudygamingnetwork/FiskTag",
      "path": "maps/hijacked.zip",
      "weight": 2
    },
    "standoff": {
      "repository": "cloudygamingnetwork/FiskTag",
      "path": "maps/standoff.zip",
      "weight": 2
    },
    "nuketown": {
      "repository": "cloudygamingnetwork/FiskTag",
      "path": "maps/nuketown.zip",
      "weight": 2
    },
    "modern_house": {
      "repository": "FiskFille/FiskTag",
      "path": "maps/modern_house.zip",
      "weight": 2
    }
  },
  "soundEvents": {
    "MATCH_START": "fisktag:match_start",
    "MATCH_VICTORY": "fisktag:match_victory",
    "MATCH_DEFEAT": "fisktag:match_defeat",
    "MATCH_DRAW": "fisktag:match_draw",
    "JOHN_WICK": "fisktag:john_wick",

    "POINT_ENTER": "fisktag:point_enter",
    "POINT_EXIT": "fisktag:point_exit",
    "POINT_CONTEST": "fisktag:point_contest",
    "POINT_CAPTURE": "fisktag:point_capture",
    "POINT_AMBIENT": ["fisktag:point_ambient_red", "fisktag:point_ambient_blue"]
  }
}
