{
  "name": "weapon.fisktag.automatic.name",
  "permission": "USE_FISKTAG_GUN",
  "holdingPose": "DOUBLE",
  "isHidden": true,
  "cooldown": 10,
  "damage": 1,
  "activation": {
    "type": "AUTO",
    "rate": 3,
    "windup": 2,
    "maxDuration": 72000
  },
  "fisktag": {
    "sprintShootDelay": 10
  },
  "ammo": {
    "amount": 40,
    "reloadTime": 50
  },
  "spread": {
    "sprintingFactor": 1.5,
    "fallingFactor": 1.6,
    "sneakingFactor": 0.7
  },
  "recoil": {
    "amount": 0.25,
    "cameraShake": 1.0
  },
  "projectiles": [
    {
      "type": "BEAM",
      "spread": 2.0,
      "speed": 12.0,
      "trail": 2
    }
  ],
  "soundEvents": {
    "SHOOT": "fisktag:automatic_shoot",
    "START": ["fisktag:automatic_start", "fisktag:automatic_start_loop"],
    "STOP": "fisktag:automatic_stop"
  }
}
