{
  "name": "weapon.fisktag.mortar.name",
  "permission": "USE_FISKTAG_GUN",
  "holdingPose": "DOUBLE",
  "isHidden": true,
  "cooldown": 40,
  "damage": 3,
  "fisktag": {
    "sprintShootDelay": 10
  },
  "ammo": {
    "amount": 8,
    "reloadTime": 80
  },
  "spread": {
    "sprintingFactor": 1.5,
    "fallingFactor": 2.0,
    "sneakingFactor": 0.6
  },
  "recoil": {
    "amount": 6.0,
    "cameraShake": 3.0
  },
  "projectiles": [
    {
      "type": "GRENADE",
      "spread": 2.5,
      "isInstant": true,
      "affectsUser": true,
      "fuseTime": 80,
      "radius": 3.0,
      "speed": 2.2
    }
  ],
  "soundEvents": {
    "SHOOT": "fisktag:mortar_shoot"
  }
}
