{
  "name": "weapon.fisktag.pistols.name",
  "permission": "USE_FISKTAG_GUN",
  "holdingPose": "DUAL",
  "isHidden": true,
  "cooldown": 5,
  "damage": 1,
  "fisktag": {
    "sprintShootDelay": 5
  },
  "ammo": {
    "amount": 20,
    "reloadTime": 16
  },
  "scope": {
    "zoom": 0.45,
    "allowHeadshots": true,
    "headshotDamageBonus": 1
  },
  "spread": {
    "sprintingFactor": 1.5,
    "fallingFactor": 1.6,
    "scopingFactor": 0.8
  },
  "recoil": {
    "amount": 0.2,
    "cameraShake": 1.5
  },
  "projectiles": [
    {
      "type": "BEAM",
      "spread": 1.25,
      "speed": 24.0,
      "trail": 1
    }
  ],
  "soundEvents": {
    "SHOOT": "fisktag:pistol_shoot"
  }
}
