{
  "name": "weapon.fisktag.rifle.name",
  "permission": "USE_FISKTAG_GUN",
  "holdingPose": "DOUBLE",
  "isHidden": true,
  "cooldown": 16,
  "damage": 2,
  "fisktag": {
    "sprintShootDelay": 6
  },
  "ammo": {
    "amount": 10,
    "reloadTime": 20
  },
  "scope": {
    "zoom": 1.0,
    "allowHeadshots": true,
    "headshotDamageBonus": 1
  },
  "spread": {
    "sprintingFactor": 1.5,
    "fallingFactor": 1.5,
    "scopingFactor": 0.35
  },
  "recoil": {
    "amount": 1.5,
    "cameraShake": 3.5
  },
  "projectiles": [
    {
      "type": "BEAM",
      "spread": 0.75,
      "range": 196.0,
      "speed": 48.0,
      "trail": 1
    }
  ],
  "soundEvents": {
    "SHOOT": "fisktag:rifle_shoot",
    "SCOPE_START": "fisktag:rifle_scope_start",
    "SCOPE_STOP": "fisktag:rifle_scope_stop"
  }
}
