{
  "name": "weapon.fisktag.rocket_launcher.name",
  "permission": "USE_FISKTAG_GUN",
  "holdingPose": "DOUBLE",
  "isHidden": true,
  "cooldown": 20,
  "damage": 4,
  "fisktag": {
    "sprintShootDelay": 10
  },
  "ammo": {
    "amount": 1,
    "reloadTime": 60
  },
  "scope": {
    "zoom": 0.7,
    "allowHeadshots": false
  },
  "spread": {
    "sprintingFactor": 1.5,
    "fallingFactor": 2.0,
    "sneakingFactor": 0.7,
    "scopingFactor": 0.5
  },
  "recoil": {
    "amount": 8.0,
    "cameraShake": 8.0
  },
  "projectiles": [
    {
      "type": "BEAM",
      "spread": 2.5,
      "range": 256.0,
      "speed": 6.0,
      "trail": 1,
      "hitRadius": 0.2,
      "impact": {
        "type": "EXPLOSION",
        "radius": 3.5,
        "affectsUser": true
      }
    }
  ],
  "soundEvents": {
    "SHOOT": "fisktag:rocket_launcher_shoot",
    "SCOPE_START": "fisktag:rocket_launcher_scope_start",
    "SCOPE_STOP": "fisktag:rocket_launcher_scope_stop"
  }
}
